{
	"version": 1,
	"changelists": [
		{
			"guid": "00000000000000000000000000000000",
			"description": "Default Uncontrolled Changelist",
			"files": [
				"C:/Users/ryand/OneDrive/Documenten/Unreal Projects/myfirstproject/Content/NewMap.umap",
				"C:/Users/ryand/OneDrive/Documenten/Unreal Projects/myfirstproject/Content/PNG/spritesheets/player-jump.uasset",
				"C:/Users/ryand/OneDrive/Documenten/Unreal Projects/myfirstproject/Content/PNG/spritesheets/player-idle.uasset",
				"C:/Users/ryand/OneDrive/Documenten/Unreal Projects/myfirstproject/Content/PNG/spritesheets/player-hurt.uasset",
				"C:/Users/ryand/OneDrive/Documenten/Unreal Projects/myfirstproject/Content/PNG/spritesheets/player-crouch.uasset",
				"C:/Users/ryand/OneDrive/Documenten/Unreal Projects/myfirstproject/Content/PNG/spritesheets/player-climb.uasset",
				"C:/Users/ryand/OneDrive/Documenten/Unreal Projects/myfirstproject/Content/PNG/spritesheets/payer-run.uasset",
				"C:/Users/ryand/OneDrive/Documenten/Unreal Projects/myfirstproject/Content/PNG/spritesheets/frog-jump.uasset",
				"C:/Users/ryand/OneDrive/Documenten/Unreal Projects/myfirstproject/Content/PNG/spritesheets/gem.uasset",
				"C:/Users/ryand/OneDrive/Documenten/Unreal Projects/myfirstproject/Content/PNG/spritesheets/oposum.uasset",
				"C:/Users/ryand/OneDrive/Documenten/Unreal Projects/myfirstproject/Content/PNG/spritesheets/frog-idle.uasset",
				"C:/Users/ryand/OneDrive/Documenten/Unreal Projects/myfirstproject/Content/PNG/spritesheets/enemy-deadth.uasset",
				"C:/Users/ryand/OneDrive/Documenten/Unreal Projects/myfirstproject/Content/PNG/spritesheets/eagle-attack.uasset",
				"C:/Users/ryand/OneDrive/Documenten/Unreal Projects/myfirstproject/Content/PNG/spritesheets/cherry.uasset",
				"C:/Users/ryand/OneDrive/Documenten/Unreal Projects/myfirstproject/Content/PNG/sprites/player/run/player-run-6.uasset",
				"C:/Users/ryand/OneDrive/Documenten/Unreal Projects/myfirstproject/Content/PNG/sprites/player/run/player-run-5.uasset",
				"C:/Users/ryand/OneDrive/Documenten/Unreal Projects/myfirstproject/Content/PNG/sprites/player/run/player-run-4.uasset",
				"C:/Users/ryand/OneDrive/Documenten/Unreal Projects/myfirstproject/Content/PNG/sprites/player/run/player-run-3.uasset",
				"C:/Users/ryand/OneDrive/Documenten/Unreal Projects/myfirstproject/Content/PNG/sprites/player/run/player-run-2.uasset",
				"C:/Users/ryand/OneDrive/Documenten/Unreal Projects/myfirstproject/Content/PNG/sprites/player/run/player-run-1.uasset",
				"C:/Users/ryand/OneDrive/Documenten/Unreal Projects/myfirstproject/Content/PNG/sprites/player/jump/player-jump-1.uasset",
				"C:/Users/ryand/OneDrive/Documenten/Unreal Projects/myfirstproject/Content/PNG/sprites/player/jump/player-jump-2.uasset",
				"C:/Users/ryand/OneDrive/Documenten/Unreal Projects/myfirstproject/Content/PNG/sprites/player/idle/player-idle-4.uasset",
				"C:/Users/ryand/OneDrive/Documenten/Unreal Projects/myfirstproject/Content/PNG/sprites/player/idle/player-idle-3.uasset",
				"C:/Users/ryand/OneDrive/Documenten/Unreal Projects/myfirstproject/Content/PNG/sprites/player/idle/player-idle-2.uasset",
				"C:/Users/ryand/OneDrive/Documenten/Unreal Projects/myfirstproject/Content/PNG/sprites/player/hurt/player-hurt-2.uasset",
				"C:/Users/ryand/OneDrive/Documenten/Unreal Projects/myfirstproject/Content/PNG/sprites/player/idle/player-idle-1.uasset",
				"C:/Users/ryand/OneDrive/Documenten/Unreal Projects/myfirstproject/Content/PNG/sprites/player/hurt/player-hurt-1.uasset",
				"C:/Users/ryand/OneDrive/Documenten/Unreal Projects/myfirstproject/Content/PNG/sprites/player/crouch/player-crouch-2.uasset",
				"C:/Users/ryand/OneDrive/Documenten/Unreal Projects/myfirstproject/Content/PNG/sprites/player/crouch/player-crouch-1.uasset",
				"C:/Users/ryand/OneDrive/Documenten/Unreal Projects/myfirstproject/Content/PNG/sprites/player/climb/player-climb-3.uasset",
				"C:/Users/ryand/OneDrive/Documenten/Unreal Projects/myfirstproject/Content/PNG/sprites/player/climb/player-climb-2.uasset",
				"C:/Users/ryand/OneDrive/Documenten/Unreal Projects/myfirstproject/Content/PNG/sprites/player/climb/player-climb-1.uasset",
				"C:/Users/ryand/OneDrive/Documenten/Unreal Projects/myfirstproject/Content/PNG/sprites/opossum/opossum-6.uasset",
				"C:/Users/ryand/OneDrive/Documenten/Unreal Projects/myfirstproject/Content/PNG/sprites/opossum/opossum-4.uasset",
				"C:/Users/ryand/OneDrive/Documenten/Unreal Projects/myfirstproject/Content/PNG/sprites/opossum/opossum-5.uasset",
				"C:/Users/ryand/OneDrive/Documenten/Unreal Projects/myfirstproject/Content/PNG/sprites/opossum/opossum-3.uasset",
				"C:/Users/ryand/OneDrive/Documenten/Unreal Projects/myfirstproject/Content/PNG/sprites/opossum/opossum-2.uasset",
				"C:/Users/ryand/OneDrive/Documenten/Unreal Projects/myfirstproject/Content/PNG/sprites/opossum/opossum-1.uasset",
				"C:/Users/ryand/OneDrive/Documenten/Unreal Projects/myfirstproject/Content/PNG/sprites/item-feedback/item-feedback-3.uasset",
				"C:/Users/ryand/OneDrive/Documenten/Unreal Projects/myfirstproject/Content/PNG/sprites/item-feedback/item-feedback-4.uasset",
				"C:/Users/ryand/OneDrive/Documenten/Unreal Projects/myfirstproject/Content/PNG/sprites/gem/gem-4.uasset",
				"C:/Users/ryand/OneDrive/Documenten/Unreal Projects/myfirstproject/Content/PNG/sprites/item-feedback/item-feedback-1.uasset",
				"C:/Users/ryand/OneDrive/Documenten/Unreal Projects/myfirstproject/Content/PNG/sprites/gem/gem-5.uasset",
				"C:/Users/ryand/OneDrive/Documenten/Unreal Projects/myfirstproject/Content/PNG/sprites/item-feedback/item-feedback-2.uasset",
				"C:/Users/ryand/OneDrive/Documenten/Unreal Projects/myfirstproject/Content/PNG/sprites/gem/gem-3.uasset",
				"C:/Users/ryand/OneDrive/Documenten/Unreal Projects/myfirstproject/Content/PNG/sprites/gem/gem-2.uasset",
				"C:/Users/ryand/OneDrive/Documenten/Unreal Projects/myfirstproject/Content/PNG/sprites/gem/gem-1.uasset",
				"C:/Users/ryand/OneDrive/Documenten/Unreal Projects/myfirstproject/Content/PNG/sprites/frog/jump/frog-jump-2.uasset",
				"C:/Users/ryand/OneDrive/Documenten/Unreal Projects/myfirstproject/Content/PNG/sprites/frog/idle/frog-idle-4.uasset",
				"C:/Users/ryand/OneDrive/Documenten/Unreal Projects/myfirstproject/Content/PNG/sprites/frog/jump/frog-jump-1.uasset",
				"C:/Users/ryand/OneDrive/Documenten/Unreal Projects/myfirstproject/Content/PNG/sprites/frog/idle/frog-idle-3.uasset",
				"C:/Users/ryand/OneDrive/Documenten/Unreal Projects/myfirstproject/Content/PNG/sprites/frog/idle/frog-idle-2.uasset",
				"C:/Users/ryand/OneDrive/Documenten/Unreal Projects/myfirstproject/Content/PNG/sprites/frog/idle/frog-idle-1.uasset",
				"C:/Users/ryand/OneDrive/Documenten/Unreal Projects/myfirstproject/Content/PNG/sprites/enemy-death/enemy-death-6.uasset",
				"C:/Users/ryand/OneDrive/Documenten/Unreal Projects/myfirstproject/Content/PNG/sprites/enemy-death/enemy-death-4.uasset",
				"C:/Users/ryand/OneDrive/Documenten/Unreal Projects/myfirstproject/Content/PNG/sprites/enemy-death/enemy-death-1.uasset",
				"C:/Users/ryand/OneDrive/Documenten/Unreal Projects/myfirstproject/Content/PNG/sprites/enemy-death/enemy-death-5.uasset",
				"C:/Users/ryand/OneDrive/Documenten/Unreal Projects/myfirstproject/Content/PNG/sprites/eagle/eagle-attack-3.uasset",
				"C:/Users/ryand/OneDrive/Documenten/Unreal Projects/myfirstproject/Content/PNG/sprites/enemy-death/enemy-death-3.uasset",
				"C:/Users/ryand/OneDrive/Documenten/Unreal Projects/myfirstproject/Content/PNG/sprites/enemy-death/enemy-death-2.uasset",
				"C:/Users/ryand/OneDrive/Documenten/Unreal Projects/myfirstproject/Content/PNG/sprites/eagle/eagle-attack-4.uasset",
				"C:/Users/ryand/OneDrive/Documenten/Unreal Projects/myfirstproject/Content/PNG/sprites/eagle/eagle-attack-2.uasset",
				"C:/Users/ryand/OneDrive/Documenten/Unreal Projects/myfirstproject/Content/PNG/sprites/cherry/cherry-7.uasset",
				"C:/Users/ryand/OneDrive/Documenten/Unreal Projects/myfirstproject/Content/PNG/sprites/eagle/eagle-attack-1.uasset",
				"C:/Users/ryand/OneDrive/Documenten/Unreal Projects/myfirstproject/Content/PNG/sprites/cherry/cherry-6.uasset",
				"C:/Users/ryand/OneDrive/Documenten/Unreal Projects/myfirstproject/Content/PNG/sprites/cherry/cherry-5.uasset",
				"C:/Users/ryand/OneDrive/Documenten/Unreal Projects/myfirstproject/Content/PNG/sprites/cherry/cherry-3.uasset",
				"C:/Users/ryand/OneDrive/Documenten/Unreal Projects/myfirstproject/Content/PNG/sprites/cherry/cherry-4.uasset",
				"C:/Users/ryand/OneDrive/Documenten/Unreal Projects/myfirstproject/Content/PNG/sprites/cherry/cherry-2.uasset",
				"C:/Users/ryand/OneDrive/Documenten/Unreal Projects/myfirstproject/Content/PNG/sprites/cherry/cherry-1.uasset",
				"C:/Users/ryand/OneDrive/Documenten/Unreal Projects/myfirstproject/Content/PNG/environment/props/tree.uasset",
				"C:/Users/ryand/OneDrive/Documenten/Unreal Projects/myfirstproject/Content/PNG/environment/props/spikes-top.uasset",
				"C:/Users/ryand/OneDrive/Documenten/Unreal Projects/myfirstproject/Content/PNG/environment/props/spikes.uasset",
				"C:/Users/ryand/OneDrive/Documenten/Unreal Projects/myfirstproject/Content/PNG/environment/props/spike-skull.uasset",
				"C:/Users/ryand/OneDrive/Documenten/Unreal Projects/myfirstproject/Content/PNG/environment/props/small-platform.uasset",
				"C:/Users/ryand/OneDrive/Documenten/Unreal Projects/myfirstproject/Content/PNG/environment/props/sign.uasset",
				"C:/Users/ryand/OneDrive/Documenten/Unreal Projects/myfirstproject/Content/PNG/environment/props/skulls.uasset",
				"C:/Users/ryand/OneDrive/Documenten/Unreal Projects/myfirstproject/Content/PNG/environment/props/shrooms.uasset",
				"C:/Users/ryand/OneDrive/Documenten/Unreal Projects/myfirstproject/Content/PNG/environment/props/rock.uasset",
				"C:/Users/ryand/OneDrive/Documenten/Unreal Projects/myfirstproject/Content/PNG/environment/props/platform-long.uasset",
				"C:/Users/ryand/OneDrive/Documenten/Unreal Projects/myfirstproject/Content/PNG/environment/props/house.uasset",
				"C:/Users/ryand/OneDrive/Documenten/Unreal Projects/myfirstproject/Content/PNG/environment/props/face-block.uasset",
				"C:/Users/ryand/OneDrive/Documenten/Unreal Projects/myfirstproject/Content/PNG/environment/props/crank-up.uasset",
				"C:/Users/ryand/OneDrive/Documenten/Unreal Projects/myfirstproject/Content/PNG/environment/props/door.uasset",
				"C:/Users/ryand/OneDrive/Documenten/Unreal Projects/myfirstproject/Content/PNG/environment/props/block.uasset",
				"C:/Users/ryand/OneDrive/Documenten/Unreal Projects/myfirstproject/Content/PNG/environment/props/crate.uasset",
				"C:/Users/ryand/OneDrive/Documenten/Unreal Projects/myfirstproject/Content/PNG/environment/props/door-opened.uasset",
				"C:/Users/ryand/OneDrive/Documenten/Unreal Projects/myfirstproject/Content/PNG/environment/props/crank-down.uasset",
				"C:/Users/ryand/OneDrive/Documenten/Unreal Projects/myfirstproject/Content/PNG/environment/props/bush.uasset",
				"C:/Users/ryand/OneDrive/Documenten/Unreal Projects/myfirstproject/Content/PNG/environment/props/block-big.uasset",
				"C:/Users/ryand/OneDrive/Documenten/Unreal Projects/myfirstproject/Content/PNG/environment/props/big-crate.uasset",
				"C:/Users/ryand/OneDrive/Documenten/Unreal Projects/myfirstproject/Content/PNG/environment/layers/middle.uasset",
				"C:/Users/ryand/OneDrive/Documenten/Unreal Projects/myfirstproject/Content/PNG/environment/layers/props.uasset",
				"C:/Users/ryand/OneDrive/Documenten/Unreal Projects/myfirstproject/Content/PNG/environment/layers/tileset.uasset",
				"C:/Users/ryand/OneDrive/Documenten/Unreal Projects/myfirstproject/Content/PNG/environment/layers/back.uasset",
				"C:/Users/ryand/OneDrive/Documenten/Unreal Projects/myfirstproject/Content/PNG/environment/environment-preview.uasset",
				"C:/Users/ryand/OneDrive/Documenten/Unreal Projects/myfirstproject/Content/SunnyLandAssets/spritesheets/player-jump.uasset",
				"C:/Users/ryand/OneDrive/Documenten/Unreal Projects/myfirstproject/Content/SunnyLandAssets/spritesheets/player-idle.uasset",
				"C:/Users/ryand/OneDrive/Documenten/Unreal Projects/myfirstproject/Content/SunnyLandAssets/spritesheets/player-hurt.uasset",
				"C:/Users/ryand/OneDrive/Documenten/Unreal Projects/myfirstproject/Content/SunnyLandAssets/spritesheets/player-crouch.uasset",
				"C:/Users/ryand/OneDrive/Documenten/Unreal Projects/myfirstproject/Content/SunnyLandAssets/spritesheets/player-climb.uasset",
				"C:/Users/ryand/OneDrive/Documenten/Unreal Projects/myfirstproject/Content/SunnyLandAssets/spritesheets/payer-run.uasset",
				"C:/Users/ryand/OneDrive/Documenten/Unreal Projects/myfirstproject/Content/SunnyLandAssets/spritesheets/frog-jump.uasset",
				"C:/Users/ryand/OneDrive/Documenten/Unreal Projects/myfirstproject/Content/SunnyLandAssets/spritesheets/gem.uasset",
				"C:/Users/ryand/OneDrive/Documenten/Unreal Projects/myfirstproject/Content/SunnyLandAssets/spritesheets/oposum.uasset",
				"C:/Users/ryand/OneDrive/Documenten/Unreal Projects/myfirstproject/Content/SunnyLandAssets/spritesheets/frog-idle.uasset",
				"C:/Users/ryand/OneDrive/Documenten/Unreal Projects/myfirstproject/Content/SunnyLandAssets/spritesheets/enemy-deadth.uasset",
				"C:/Users/ryand/OneDrive/Documenten/Unreal Projects/myfirstproject/Content/SunnyLandAssets/spritesheets/eagle-attack.uasset",
				"C:/Users/ryand/OneDrive/Documenten/Unreal Projects/myfirstproject/Content/SunnyLandAssets/spritesheets/cherry.uasset",
				"C:/Users/ryand/OneDrive/Documenten/Unreal Projects/myfirstproject/Content/SunnyLandAssets/sprites/player/run/player-run-6.uasset",
				"C:/Users/ryand/OneDrive/Documenten/Unreal Projects/myfirstproject/Content/SunnyLandAssets/sprites/player/run/player-run-5.uasset",
				"C:/Users/ryand/OneDrive/Documenten/Unreal Projects/myfirstproject/Content/SunnyLandAssets/sprites/player/run/player-run-4.uasset",
				"C:/Users/ryand/OneDrive/Documenten/Unreal Projects/myfirstproject/Content/SunnyLandAssets/sprites/player/run/player-run-3.uasset",
				"C:/Users/ryand/OneDrive/Documenten/Unreal Projects/myfirstproject/Content/SunnyLandAssets/sprites/player/run/player-run-2.uasset",
				"C:/Users/ryand/OneDrive/Documenten/Unreal Projects/myfirstproject/Content/SunnyLandAssets/sprites/player/run/player-run-1.uasset",
				"C:/Users/ryand/OneDrive/Documenten/Unreal Projects/myfirstproject/Content/SunnyLandAssets/sprites/player/jump/player-jump-1.uasset",
				"C:/Users/ryand/OneDrive/Documenten/Unreal Projects/myfirstproject/Content/SunnyLandAssets/sprites/player/jump/player-jump-2.uasset",
				"C:/Users/ryand/OneDrive/Documenten/Unreal Projects/myfirstproject/Content/SunnyLandAssets/sprites/player/idle/player-idle-4.uasset",
				"C:/Users/ryand/OneDrive/Documenten/Unreal Projects/myfirstproject/Content/SunnyLandAssets/sprites/player/idle/player-idle-3.uasset",
				"C:/Users/ryand/OneDrive/Documenten/Unreal Projects/myfirstproject/Content/SunnyLandAssets/sprites/player/idle/player-idle-2.uasset",
				"C:/Users/ryand/OneDrive/Documenten/Unreal Projects/myfirstproject/Content/SunnyLandAssets/sprites/player/hurt/player-hurt-2.uasset",
				"C:/Users/ryand/OneDrive/Documenten/Unreal Projects/myfirstproject/Content/SunnyLandAssets/sprites/player/idle/player-idle-1.uasset",
				"C:/Users/ryand/OneDrive/Documenten/Unreal Projects/myfirstproject/Content/SunnyLandAssets/sprites/player/hurt/player-hurt-1.uasset",
				"C:/Users/ryand/OneDrive/Documenten/Unreal Projects/myfirstproject/Content/SunnyLandAssets/sprites/player/crouch/player-crouch-2.uasset",
				"C:/Users/ryand/OneDrive/Documenten/Unreal Projects/myfirstproject/Content/SunnyLandAssets/sprites/player/crouch/player-crouch-1.uasset",
				"C:/Users/ryand/OneDrive/Documenten/Unreal Projects/myfirstproject/Content/SunnyLandAssets/sprites/player/climb/player-climb-3.uasset",
				"C:/Users/ryand/OneDrive/Documenten/Unreal Projects/myfirstproject/Content/SunnyLandAssets/sprites/player/climb/player-climb-2.uasset",
				"C:/Users/ryand/OneDrive/Documenten/Unreal Projects/myfirstproject/Content/SunnyLandAssets/sprites/player/climb/player-climb-1.uasset",
				"C:/Users/ryand/OneDrive/Documenten/Unreal Projects/myfirstproject/Content/SunnyLandAssets/sprites/opossum/opossum-6.uasset",
				"C:/Users/ryand/OneDrive/Documenten/Unreal Projects/myfirstproject/Content/SunnyLandAssets/sprites/opossum/opossum-4.uasset",
				"C:/Users/ryand/OneDrive/Documenten/Unreal Projects/myfirstproject/Content/SunnyLandAssets/sprites/opossum/opossum-5.uasset",
				"C:/Users/ryand/OneDrive/Documenten/Unreal Projects/myfirstproject/Content/SunnyLandAssets/sprites/opossum/opossum-3.uasset",
				"C:/Users/ryand/OneDrive/Documenten/Unreal Projects/myfirstproject/Content/SunnyLandAssets/sprites/opossum/opossum-2.uasset",
				"C:/Users/ryand/OneDrive/Documenten/Unreal Projects/myfirstproject/Content/SunnyLandAssets/sprites/opossum/opossum-1.uasset",
				"C:/Users/ryand/OneDrive/Documenten/Unreal Projects/myfirstproject/Content/SunnyLandAssets/sprites/item-feedback/item-feedback-3.uasset",
				"C:/Users/ryand/OneDrive/Documenten/Unreal Projects/myfirstproject/Content/SunnyLandAssets/sprites/item-feedback/item-feedback-4.uasset",
				"C:/Users/ryand/OneDrive/Documenten/Unreal Projects/myfirstproject/Content/SunnyLandAssets/sprites/gem/gem-4.uasset",
				"C:/Users/ryand/OneDrive/Documenten/Unreal Projects/myfirstproject/Content/SunnyLandAssets/sprites/item-feedback/item-feedback-1.uasset",
				"C:/Users/ryand/OneDrive/Documenten/Unreal Projects/myfirstproject/Content/SunnyLandAssets/sprites/gem/gem-5.uasset",
				"C:/Users/ryand/OneDrive/Documenten/Unreal Projects/myfirstproject/Content/SunnyLandAssets/sprites/item-feedback/item-feedback-2.uasset",
				"C:/Users/ryand/OneDrive/Documenten/Unreal Projects/myfirstproject/Content/SunnyLandAssets/sprites/gem/gem-3.uasset",
				"C:/Users/ryand/OneDrive/Documenten/Unreal Projects/myfirstproject/Content/SunnyLandAssets/sprites/gem/gem-2.uasset",
				"C:/Users/ryand/OneDrive/Documenten/Unreal Projects/myfirstproject/Content/SunnyLandAssets/sprites/gem/gem-1.uasset",
				"C:/Users/ryand/OneDrive/Documenten/Unreal Projects/myfirstproject/Content/SunnyLandAssets/sprites/frog/jump/frog-jump-2.uasset",
				"C:/Users/ryand/OneDrive/Documenten/Unreal Projects/myfirstproject/Content/SunnyLandAssets/sprites/frog/idle/frog-idle-4.uasset",
				"C:/Users/ryand/OneDrive/Documenten/Unreal Projects/myfirstproject/Content/SunnyLandAssets/sprites/frog/jump/frog-jump-1.uasset",
				"C:/Users/ryand/OneDrive/Documenten/Unreal Projects/myfirstproject/Content/SunnyLandAssets/sprites/frog/idle/frog-idle-3.uasset",
				"C:/Users/ryand/OneDrive/Documenten/Unreal Projects/myfirstproject/Content/SunnyLandAssets/sprites/frog/idle/frog-idle-2.uasset",
				"C:/Users/ryand/OneDrive/Documenten/Unreal Projects/myfirstproject/Content/SunnyLandAssets/sprites/frog/idle/frog-idle-1.uasset",
				"C:/Users/ryand/OneDrive/Documenten/Unreal Projects/myfirstproject/Content/SunnyLandAssets/sprites/enemy-death/enemy-death-6.uasset",
				"C:/Users/ryand/OneDrive/Documenten/Unreal Projects/myfirstproject/Content/SunnyLandAssets/sprites/enemy-death/enemy-death-4.uasset",
				"C:/Users/ryand/OneDrive/Documenten/Unreal Projects/myfirstproject/Content/SunnyLandAssets/sprites/enemy-death/enemy-death-1.uasset",
				"C:/Users/ryand/OneDrive/Documenten/Unreal Projects/myfirstproject/Content/SunnyLandAssets/sprites/enemy-death/enemy-death-5.uasset",
				"C:/Users/ryand/OneDrive/Documenten/Unreal Projects/myfirstproject/Content/SunnyLandAssets/sprites/eagle/eagle-attack-3.uasset",
				"C:/Users/ryand/OneDrive/Documenten/Unreal Projects/myfirstproject/Content/SunnyLandAssets/sprites/enemy-death/enemy-death-3.uasset",
				"C:/Users/ryand/OneDrive/Documenten/Unreal Projects/myfirstproject/Content/SunnyLandAssets/sprites/enemy-death/enemy-death-2.uasset",
				"C:/Users/ryand/OneDrive/Documenten/Unreal Projects/myfirstproject/Content/SunnyLandAssets/sprites/eagle/eagle-attack-4.uasset",
				"C:/Users/ryand/OneDrive/Documenten/Unreal Projects/myfirstproject/Content/SunnyLandAssets/sprites/eagle/eagle-attack-2.uasset",
				"C:/Users/ryand/OneDrive/Documenten/Unreal Projects/myfirstproject/Content/SunnyLandAssets/sprites/cherry/cherry-7.uasset",
				"C:/Users/ryand/OneDrive/Documenten/Unreal Projects/myfirstproject/Content/SunnyLandAssets/sprites/eagle/eagle-attack-1.uasset",
				"C:/Users/ryand/OneDrive/Documenten/Unreal Projects/myfirstproject/Content/SunnyLandAssets/sprites/cherry/cherry-6.uasset",
				"C:/Users/ryand/OneDrive/Documenten/Unreal Projects/myfirstproject/Content/SunnyLandAssets/sprites/cherry/cherry-5.uasset",
				"C:/Users/ryand/OneDrive/Documenten/Unreal Projects/myfirstproject/Content/SunnyLandAssets/sprites/cherry/cherry-3.uasset",
				"C:/Users/ryand/OneDrive/Documenten/Unreal Projects/myfirstproject/Content/SunnyLandAssets/sprites/cherry/cherry-4.uasset",
				"C:/Users/ryand/OneDrive/Documenten/Unreal Projects/myfirstproject/Content/SunnyLandAssets/sprites/cherry/cherry-2.uasset",
				"C:/Users/ryand/OneDrive/Documenten/Unreal Projects/myfirstproject/Content/SunnyLandAssets/sprites/cherry/cherry-1.uasset",
				"C:/Users/ryand/OneDrive/Documenten/Unreal Projects/myfirstproject/Content/SunnyLandAssets/environment/props/tree.uasset",
				"C:/Users/ryand/OneDrive/Documenten/Unreal Projects/myfirstproject/Content/SunnyLandAssets/environment/props/spikes-top.uasset",
				"C:/Users/ryand/OneDrive/Documenten/Unreal Projects/myfirstproject/Content/SunnyLandAssets/environment/props/spikes.uasset",
				"C:/Users/ryand/OneDrive/Documenten/Unreal Projects/myfirstproject/Content/SunnyLandAssets/environment/props/spike-skull.uasset",
				"C:/Users/ryand/OneDrive/Documenten/Unreal Projects/myfirstproject/Content/SunnyLandAssets/environment/props/small-platform.uasset",
				"C:/Users/ryand/OneDrive/Documenten/Unreal Projects/myfirstproject/Content/SunnyLandAssets/environment/props/sign.uasset",
				"C:/Users/ryand/OneDrive/Documenten/Unreal Projects/myfirstproject/Content/SunnyLandAssets/environment/props/skulls.uasset",
				"C:/Users/ryand/OneDrive/Documenten/Unreal Projects/myfirstproject/Content/SunnyLandAssets/environment/props/shrooms.uasset",
				"C:/Users/ryand/OneDrive/Documenten/Unreal Projects/myfirstproject/Content/SunnyLandAssets/environment/props/rock.uasset",
				"C:/Users/ryand/OneDrive/Documenten/Unreal Projects/myfirstproject/Content/SunnyLandAssets/environment/props/platform-long.uasset",
				"C:/Users/ryand/OneDrive/Documenten/Unreal Projects/myfirstproject/Content/SunnyLandAssets/environment/props/house.uasset",
				"C:/Users/ryand/OneDrive/Documenten/Unreal Projects/myfirstproject/Content/SunnyLandAssets/environment/props/face-block.uasset",
				"C:/Users/ryand/OneDrive/Documenten/Unreal Projects/myfirstproject/Content/SunnyLandAssets/environment/props/crank-up.uasset",
				"C:/Users/ryand/OneDrive/Documenten/Unreal Projects/myfirstproject/Content/SunnyLandAssets/environment/props/door.uasset",
				"C:/Users/ryand/OneDrive/Documenten/Unreal Projects/myfirstproject/Content/SunnyLandAssets/environment/props/block.uasset",
				"C:/Users/ryand/OneDrive/Documenten/Unreal Projects/myfirstproject/Content/SunnyLandAssets/environment/props/crate.uasset",
				"C:/Users/ryand/OneDrive/Documenten/Unreal Projects/myfirstproject/Content/SunnyLandAssets/environment/props/door-opened.uasset",
				"C:/Users/ryand/OneDrive/Documenten/Unreal Projects/myfirstproject/Content/SunnyLandAssets/environment/props/crank-down.uasset",
				"C:/Users/ryand/OneDrive/Documenten/Unreal Projects/myfirstproject/Content/SunnyLandAssets/environment/props/bush.uasset",
				"C:/Users/ryand/OneDrive/Documenten/Unreal Projects/myfirstproject/Content/SunnyLandAssets/environment/props/block-big.uasset",
				"C:/Users/ryand/OneDrive/Documenten/Unreal Projects/myfirstproject/Content/SunnyLandAssets/environment/props/big-crate.uasset",
				"C:/Users/ryand/OneDrive/Documenten/Unreal Projects/myfirstproject/Content/SunnyLandAssets/environment/layers/middle.uasset",
				"C:/Users/ryand/OneDrive/Documenten/Unreal Projects/myfirstproject/Content/SunnyLandAssets/environment/layers/props.uasset",
				"C:/Users/ryand/OneDrive/Documenten/Unreal Projects/myfirstproject/Content/SunnyLandAssets/environment/layers/tileset.uasset",
				"C:/Users/ryand/OneDrive/Documenten/Unreal Projects/myfirstproject/Content/SunnyLandAssets/environment/layers/back.uasset",
				"C:/Users/ryand/OneDrive/Documenten/Unreal Projects/myfirstproject/Content/SunnyLandAssets/environment/environment-preview.uasset"
			]
		}
	]
}